Bob Smith,32 Wolfe tone Street Cork,871928828,bobsmith@gmail.com,Branch 1,1
Bill Smith,32 Wolfe tone Street Cork,871928828,biillsmith@gmail.com,Branch 1,2
Steve Smith,32 Wolfe tone Street Cork,871928828,stevesmith@gmail.com,N/A,3
Jill Smith ,32 Wolfe tone Street Cork,871928828,jillsmith@gmail.com,N/A,4
Liz Smith,32 Wolfe tone Street Cork,871928828,lizsmith@gmail.com,N/A,5
Tom Johnson,62 Wolfe tone Street Cork,871928828,tomjohnson@gmail.com,Branch 3,6
Barry Johnson,62 Wolfe tone Street Cork,871928828,barryjohnson@gmail.com,Branch 3,7
Michael Johnson,62 Wolfe tone Street Cork,871928828,michaeljohnson@gmail.com,N/A,8
`Tim Johnson,62 Wolfe tone Street Cork,871928828,timjohnson@gmail.com,Branch 3,9
Jean Johnson,62 Wolfe tone Street Cork,871928828,jeanjohnson@gmail.com,Branch 3,10
,,,,,
,,,,,
,,,,,
,,,,,
,,,,,
,,,,,
,,,,,
,,,,,
,,,,,
,,,,,
,,,,,
